68,182,81,178,62,165,78,122,146,105,81,71,162,24,106,169,185,139,9,84,132,69,170,88,124,138,31,189,66,37,51,106,75,195,128,97,155,38,158,120,35,193,130,87,184,136,149,150,77,72,120,113,116,150,88,120,106,180,123,167,57,102,131,177,68,156,134,134,200,112,99,141,74,153,32,200,26,101,132,63,37,122,87,100,69,142,123,178,157,150,120,46,114,170,181,82,84,127,159,66
157,188,96,100,32,135,107,120,115,177,175,97,133,114,143,125,116,167,60,107,159,114,161,117,84,149,111,166,53,118,129,102,104,83,145,69,43,95,195,134,157,96,166,-5,151,79,84,77,136,121,146,192,88,14,41,53,59,78,75,43,121,95,49,222,58,41,137,91,138,172,105,82,47,100,124,108,95,20,115,82,55,105,7,69,66,66,14,167,214,119,16,116,55,103,62,4,77,148,118,61
94,157,48,266,112,119,147,66,154,64,74,71,159,127,8,129,189,101,73,86,87,104,169,74,124,101,57,63,109,80,118,117,149,124,192,66,28,7,102,54,30,173,211,111,206,153,64,165,30,20,194,58,70,7,102,116,74,57,30,91,33,119,134,167,115,87,152,54,94,134,67,88,136,128,59,161,90,91,111,133,44,156,83,129,40,126,256,109,70,144,138,51,114,127,11,142,132,126,139,70
136,201,40,103,63,91,97,119,134,104,125,85,130,125,92,79,133,108,81,118,126,126,88,141,85,105,126,121,98,82,149,42,18,163,102,151,98,41,111,128,86,102,126,69,166,118,49,169,142,54,45,86,92,28,58,66,87,106,96,24,49,48,107,106,122,30,134,28,111,182,52,75,88,177,99,42,101,62,99,12,127,53,19,46,54,89,63,124,50,22,23,44,118,89,103,46,85,19,144,46
139,159,52,149,152,120,46,59,171,101,7,91,116,29,51,105,144,118,42,36,49,93,68,40,56,129,88,64,93,46,47,173,162,130,68,107,58,3,122,184,98,190,119,164,244,102,103,149,89,82,103,58,22,89,55,73,123,106,151,101,72,204,129,130,150,129,66,62,111,155,133,20,114,57,105,45,31,130,156,144,69,-10,109,123,78,86,152,116,131,208,140,24,101,145,81,69,73,83,200,37
38,150,19,110,13,157,150,74,116,159,-2,133,27,61,81,97,105,103,100,15,206,46,118,83,100,53,-4,93,125,87,-12,117,143,144,78,89,-8,28,87,0,37,35,59,95,148,137,149,195,118,109,52,94,-1,129,55,81,56,148,91,14,13,103,87,38,86,-23,87,163,108,102,64,61,96,140,37,23,60,130,101,74,19,126,138,117,129,52,120,147,140,101,70,19,105,19,146,86,144,58,120,45
111,162,40,177,79,159,71,85,69,101,101,146,126,116,21,74,230,153,37,10,144,54,135,63,52,158,70,116,123,93,93,96,146,137,127,115,142,50,135,100,151,65,125,95,155,140,75,173,143,108,38,117,-13,89,55,199,66,35,77,32,124,37,114,163,60,81,115,35,180,113,178,78,45,65,225,52,154,165,74,83,55,101,138,107,79,-23,22,156,146,117,41,119,128,165,123,56,64,63,127,88
103,172,58,173,105,158,201,161,145,225,69,144,125,107,148,245,129,83,70,107,179,159,137,119,183,71,113,146,67,98,100,105,204,98,85,106,137,82,124,100,116,160,118,91,115,79,83,159,79,174,168,143,16,95,105,128,150,185,71,110,40,118,190,150,32,115,93,116,113,172,3,105,31,144,48,130,157,152,73,125,175,162,111,117,169,85,174,33,92,204,91,79,61,120,99,116,85,58,151,146
4,146,44,236,58,225,133,34,70,51,22,104,123,99,41,114,156,131,41,62,100,6,97,59,61,169,77,139,40,88,154,85,135,116,118,71,101,132,132,121,73,145,127,22,147,142,88,203,152,83,118,99,54,7,31,50,1,74,180,63,7,100,56,85,63,87,71,87,64,138,-9,47,113,141,89,114,128,97,58,67,32,105,62,120,37,120,105,130,142,179,19,1,127,174,138,114,44,53,113,44
109,171,57,196,138,175,89,110,164,157,125,131,93,115,99,120,119,197,20,107,118,111,123,171,94,130,91,98,18,102,130,108,169,111,58,118,71,139,116,131,116,211,131,50,134,160,137,94,195,158,159,75,60,163,93,160,131,96,144,164,126,78,146,159,41,93,188,9,156,162,181,173,7,123,116,128,146,126,114,146,102,154,133,179,176,190,122,136,122,119,137,100,175,149,123,148,110,124,141,93
155,196,74,188,94,102,196,116,172,126,134,55,123,164,109,115,152,139,21,70,50,83,157,127,152,142,72,119,97,17,112,110,173,56,194,112,110,55,82,58,108,100,108,59,171,127,50,176,130,115,163,139,99,82,92,197,95,82,100,55,109,74,111,208,72,45,156,110,164,124,29,109,85,170,156,177,76,143,88,108,121,149,116,52,100,63,50,200,176,83,71,105,136,210,14,92,44,63,75,28
99,128,92,157,54,173,130,119,127,107,97,60,157,110,85,120,140,110,-36,76,121,136,145,114,82,91,103,75,138,0,82,78,148,182,150,76,41,18,129,98,110,152,83,210,205,123,115,51,107,101,179,144,43,139,140,108,196,99,143,102,87,185,99,172,86,67,145,157,146,85,126,74,-23,54,155,56,117,105,98,113,75,92,154,105,100,76,74,128,182,129,86,104,55,130,106,93,127,132,121,28
172,147,133,255,106,166,134,181,153,95,134,149,200,108,121,134,101,154,-4,89,95,86,132,174,144,120,146,175,38,88,153,71,149,180,114,93,75,123,147,33,71,126,217,74,181,104,68,117,129,64,202,101,107,130,102,67,200,183,152,185,79,120,122,194,49,30,152,57,143,131,145,126,36,125,153,157,131,95,171,139,74,187,121,108,172,145,107,134,192,187,91,143,55,155,31,126,95,77,127,59
73,105,105,100,176,146,124,53,90,77,52,129,123,80,33,111,189,58,-8,56,45,122,94,135,100,120,92,86,52,99,95,74,114,218,128,105,89,51,31,123,103,139,41,96,196,65,21,206,65,86,32,70,68,26,130,111,70,209,142,131,92,150,88,120,56,55,159,134,77,78,13,4,96,175,71,93,58,58,56,84,108,76,38,94,43,82,69,134,105,105,30,32,29,167,48,99,9,93,138,62
117,161,45,82,143,147,54,68,153,134,-26,120,132,182,121,131,180,151,23,-10,72,80,155,101,148,157,89,109,98,84,165,143,85,130,161,90,59,65,81,136,146,153,178,128,219,160,139,172,168,179,214,84,28,107,3,128,76,103,84,59,61,97,54,171,26,84,174,128,134,33,113,-23,75,133,103,114,83,80,112,73,102,76,82,177,-16,75,84,209,204,175,87,53,73,187,66,150,97,90,184,108
77,194,120,150,79,170,126,133,108,92,58,68,65,45,118,61,81,110,17,50,109,81,85,86,112,100,8,121,62,78,8,131,116,74,100,57,91,40,146,61,73,113,85,14,75,114,151,118,91,73,88,175,64,87,54,87,99,107,41,108,43,96,95,139,35,56,66,136,81,85,94,83,88,62,-1,79,69,-44,130,114,73,129,117,98,57,126,38,216,241,88,81,46,44,137,120,41,57,51,90,37
164,119,89,173,85,190,86,125,199,133,19,70,156,152,143,59,128,111,84,49,108,119,103,116,162,78,159,136,47,71,100,190,118,173,91,92,73,57,96,114,84,151,107,174,185,124,115,140,193,77,133,41,123,166,106,8,183,177,107,66,76,36,121,184,76,107,146,37,90,114,139,80,28,149,104,57,61,56,132,173,143,66,75,79,89,116,52,125,134,98,85,62,101,151,113,91,141,121,49,78
59,115,53,90,91,93,22,81,71,75,23,130,79,98,37,70,154,50,3,51,-4,90,52,96,120,128,43,0,-25,115,139,11,114,60,33,58,33,59,28,38,3,37,122,14,89,63,69,124,41,60,30,68,32,25,32,80,35,72,86,39,13,78,83,118,46,-2,95,54,124,115,92,49,55,53,70,97,93,104,14,44,77,88,44,59,5,16,5,68,74,51,60,18,74,63,58,93,86,67,60,-1
142,82,112,118,100,157,87,18,127,205,55,94,129,29,99,122,120,178,-10,139,86,46,121,92,81,219,79,111,57,117,48,138,106,34,154,51,17,62,258,121,73,96,174,52,115,68,149,87,130,116,134,179,85,175,14,82,93,172,38,51,62,178,-9,162,80,7,154,69,139,121,104,98,79,97,151,112,114,35,204,135,83,125,81,207,89,124,62,188,208,158,163,75,187,104,61,17,128,143,167,52
147,94,62,204,66,57,113,3,105,13,29,31,47,128,107,100,93,80,63,21,106,103,101,83,90,84,39,-34,43,50,107,96,117,97,119,83,11,26,82,57,72,71,147,32,137,119,89,162,11,71,136,71,29,123,107,111,147,63,68,62,21,96,133,129,48,50,104,96,64,110,82,72,128,55,60,84,33,75,103,80,81,108,89,102,85,71,128,76,153,144,150,51,114,187,7,102,53,73,82,61
91,50,-11,83,102,115,20,88,186,101,44,70,105,99,84,149,75,101,87,31,110,90,113,86,40,71,87,6,123,54,67,89,67,109,95,63,-3,44,33,169,31,148,25,145,168,130,6,131,83,80,166,30,88,34,112,120,98,49,129,77,146,-18,78,169,-15,79,92,76,126,102,106,82,-10,82,110,-2,115,103,181,129,100,69,49,90,119,128,162,81,101,106,61,31,48,130,68,80,65,89,163,74
73,90,-8,58,101,65,70,-16,101,48,54,60,86,52,92,20,86,95,13,39,62,75,76,31,15,84,72,6,105,88,29,74,62,61,52,-13,23,66,90,54,81,54,100,41,137,156,90,62,32,148,24,96,28,76,48,56,91,25,71,28,-10,86,70,55,30,79,131,8,23,86,105,-33,71,-34,107,72,41,16,115,31,77,94,130,35,75,84,121,105,166,82,66,36,101,54,21,-7,83,32,38,-3
147,110,83,115,99,146,163,106,151,82,136,72,134,5,21,71,3,78,37,133,30,83,75,92,103,3,85,100,73,45,86,42,143,141,221,86,110,98,101,143,86,97,176,91,175,67,7,126,95,103,161,144,82,137,67,88,185,217,82,90,137,19,101,207,73,14,133,54,111,138,-32,74,49,99,96,34,59,59,165,43,134,132,23,86,80,100,99,168,67,114,27,97,62,168,8,40,56,34,208,61
180,149,114,178,109,125,91,62,31,86,108,120,51,70,47,98,115,172,91,158,83,99,105,99,91,102,50,113,13,72,58,156,150,91,142,16,54,93,155,53,123,112,100,100,118,106,114,241,96,72,134,81,67,65,22,103,104,141,141,80,119,88,48,167,68,67,72,79,88,104,63,57,90,120,89,80,74,56,68,116,112,59,-6,80,112,49,83,108,135,54,49,44,98,39,46,116,25,85,167,95
104,181,58,242,148,129,105,82,123,111,92,46,127,93,99,154,150,178,30,73,81,146,136,156,178,18,107,102,80,58,29,134,125,155,21,79,150,68,136,92,109,197,91,130,168,102,103,140,156,61,66,8,84,71,148,76,164,137,150,141,72,98,114,151,-7,179,184,69,148,78,87,138,18,147,110,135,74,165,102,179,93,157,109,122,213,136,136,105,166,170,118,111,122,135,133,99,121,102,123,91
129,199,149,174,73,224,69,137,101,66,99,147,142,155,103,137,139,52,49,200,182,109,92,99,119,98,132,156,58,130,200,145,191,120,129,83,82,54,147,111,108,173,151,100,151,13,173,206,71,111,139,112,34,122,72,128,162,174,104,55,153,159,103,190,148,105,94,71,28,131,148,39,81,163,124,122,145,66,93,179,171,124,14,119,170,133,129,114,117,156,150,126,96,132,54,98,76,115,161,83
52,106,8,78,85,134,126,85,114,148,75,45,20,24,40,105,73,133,8,67,45,51,105,69,42,37,105,33,86,70,20,99,50,133,96,80,130,-45,56,82,128,39,88,119,148,58,54,141,96,129,56,30,4,92,-10,72,22,55,73,49,68,32,44,147,14,83,47,35,122,101,-3,18,83,65,16,12,85,96,64,102,62,70,107,61,59,18,64,60,48,75,-1,62,53,82,47,54,77,28,89,15
111,101,106,152,87,193,159,68,140,132,144,111,129,187,118,96,172,156,52,126,194,87,139,131,132,114,176,85,142,137,139,104,133,127,136,99,59,138,71,58,146,109,116,187,133,111,92,198,128,153,86,153,6,145,112,88,168,109,52,70,84,78,160,174,77,11,129,16,77,118,93,82,94,98,229,66,132,138,105,126,228,120,139,148,94,63,52,147,86,155,56,158,118,153,112,35,169,83,139,63
70,105,55,40,51,165,138,124,125,115,82,105,48,101,91,119,98,133,15,88,64,80,143,37,143,129,74,98,150,-28,18,156,82,36,101,40,126,18,87,111,139,99,92,161,174,64,129,100,78,159,72,111,50,123,47,182,127,74,-13,107,79,136,77,214,60,36,111,70,191,64,88,123,8,113,143,63,94,185,95,110,53,70,141,185,3,102,-9,139,100,122,75,78,142,136,96,80,101,140,116,1
42,57,41,141,23,121,109,61,115,75,41,98,-16,111,80,116,34,73,36,33,10,59,66,-3,22,63,3,-6,81,-1,65,93,75,92,119,83,29,7,67,61,76,37,81,43,118,109,95,79,9,115,128,109,41,122,30,112,75,4,132,23,125,51,67,103,21,93,45,82,115,141,116,78,66,58,19,53,36,37,89,109,62,82,150,87,84,103,114,81,142,112,18,42,114,199,23,86,40,75,46,23
81,57,25,144,141,162,161,46,122,116,13,74,40,202,108,144,195,161,44,42,115,64,102,124,118,160,90,12,119,123,199,127,7,122,80,68,15,77,172,94,133,194,130,90,182,78,67,181,106,85,121,98,53,122,81,94,83,95,138,79,34,131,93,157,54,93,131,-63,136,133,133,98,145,141,84,105,136,71,147,106,114,69,81,114,90,95,129,152,196,142,145,59,135,116,44,68,179,152,128,41
153,170,76,201,138,123,161,116,105,150,159,101,132,100,125,188,136,211,11,82,48,108,100,119,111,156,129,216,78,92,97,185,120,180,131,171,163,138,175,132,123,185,156,18,166,54,116,152,98,149,144,136,69,127,34,145,36,149,123,125,11,171,148,241,63,127,184,27,159,168,36,129,97,178,129,131,175,54,131,139,68,159,87,62,130,133,145,179,100,85,150,160,71,143,132,26,45,6,205,6
114,113,69,167,65,221,112,105,119,72,68,115,87,115,143,104,86,123,32,61,119,156,111,165,67,165,112,100,105,9,84,180,117,152,99,113,80,27,97,106,-3,168,74,45,134,195,141,135,61,70,91,108,136,127,178,183,95,109,119,149,30,112,144,170,57,145,146,119,83,118,100,188,73,88,142,96,188,91,156,166,122,133,100,122,42,247,123,185,104,136,180,80,118,167,179,116,32,108,131,99
39,59,83,40,96,125,70,77,74,96,65,160,104,99,89,141,68,32,1,97,75,60,152,81,31,74,25,159,90,102,50,-11,89,94,108,63,63,70,123,121,92,17,69,84,139,62,133,146,32,57,60,-3,33,97,42,96,106,143,88,46,142,60,90,125,22,25,112,101,79,96,57,-37,44,137,57,12,77,41,43,45,127,124,33,166,77,42,12,64,50,87,65,109,22,102,72,98,73,12,134,73
122,176,132,179,175,167,229,136,197,174,59,176,84,202,132,111,163,211,30,136,191,120,227,167,131,122,151,185,177,152,101,208,162,206,154,174,179,80,121,159,200,122,125,184,173,211,119,156,202,249,112,124,80,130,131,157,100,194,103,77,132,113,203,270,63,132,231,89,210,179,129,127,87,169,100,130,143,71,177,161,154,129,164,127,126,175,75,252,210,199,93,135,112,148,195,115,81,97,179,136
121,211,22,262,64,156,101,101,64,116,110,102,145,121,62,143,132,170,12,107,87,156,76,117,101,191,127,64,-12,80,123,136,176,127,14,8,112,84,105,29,68,180,136,72,220,49,89,137,145,47,145,102,52,56,99,87,121,45,96,103,-1,101,118,130,51,149,140,0,70,141,101,77,47,128,153,137,152,181,64,160,129,148,90,113,101,129,164,112,168,116,148,68,106,48,90,142,57,128,106,69
46,57,-12,212,164,97,167,106,86,34,51,96,72,80,80,110,62,154,-14,60,93,43,105,94,94,98,46,74,66,60,146,53,173,129,114,64,108,97,55,132,89,107,153,65,226,88,24,130,103,115,176,115,72,111,130,84,147,135,169,130,42,48,78,166,31,102,139,1,99,132,48,73,40,183,70,116,45,76,61,36,77,105,99,131,61,152,142,160,134,154,77,46,114,150,11,124,87,22,230,65
112,73,130,163,97,171,128,117,148,82,70,223,81,168,150,146,183,123,25,46,78,116,105,143,-2,159,45,92,70,119,89,99,111,154,186,31,102,41,110,83,74,77,129,143,141,114,103,172,84,115,84,67,67,41,25,123,67,104,107,135,122,76,134,142,53,108,113,56,99,114,148,35,98,92,143,123,66,80,117,152,62,158,213,118,124,142,160,149,137,167,148,36,148,176,81,84,49,58,97,59
135,59,91,171,60,147,25,129,132,113,61,113,135,140,174,197,171,89,6,-4,69,142,103,167,159,117,25,119,51,-2,31,29,56,186,102,99,2,-37,30,56,29,58,97,42,157,154,71,146,37,69,168,66,83,-2,134,62,94,111,64,89,65,96,99,168,57,46,53,174,162,96,115,105,79,97,100,108,46,138,26,72,11,72,116,73,92,52,74,51,92,102,131,62,62,119,77,64,69,151,78,83
16,170,115,180,72,71,157,61,75,165,66,81,102,131,132,173,90,146,-37,102,108,73,147,120,103,159,54,163,120,78,62,77,112,117,101,105,119,93,100,100,109,132,79,77,143,120,134,119,135,173,132,85,34,115,43,35,136,124,97,118,12,136,137,133,45,133,102,99,169,107,45,48,29,96,105,117,77,56,93,121,76,110,65,70,104,97,108,147,182,172,49,43,121,99,138,140,64,54,70,46
155,251,149,139,127,151,136,53,133,207,40,108,87,94,89,90,165,144,13,97,79,82,66,199,77,107,96,156,40,118,74,136,140,96,152,121,23,41,131,43,69,110,182,-2,150,41,161,223,118,96,65,120,37,110,16,50,58,194,155,25,123,145,36,103,75,-4,196,166,118,151,9,28,162,185,72,80,179,27,148,89,130,103,10,97,131,21,117,130,160,98,98,54,82,97,83,50,125,75,96,50
165,91,82,66,119,95,112,110,189,189,76,123,64,49,103,111,119,64,32,28,13,110,81,42,74,67,25,124,73,54,70,72,97,104,117,52,85,-11,82,115,128,58,91,77,228,92,85,87,116,113,90,64,60,129,20,82,173,138,45,71,85,53,71,121,43,65,112,78,139,74,128,48,20,94,107,82,-4,22,56,75,131,100,111,71,97,1,22,113,101,94,46,134,118,88,9,36,114,39,115,50
82,124,78,155,92,134,171,41,114,119,37,139,93,59,126,209,117,179,92,77,124,98,93,73,96,104,81,126,47,13,105,57,172,33,80,85,54,103,93,32,57,155,137,90,213,68,115,165,77,170,138,67,6,65,34,136,76,83,22,76,23,65,80,161,78,65,123,35,99,83,101,163,50,109,86,93,133,59,62,90,58,116,31,84,98,118,128,132,44,186,101,118,91,61,149,61,55,81,179,154
165,228,76,265,99,190,128,70,108,137,111,105,79,166,113,134,183,255,55,94,120,168,187,89,58,210,128,90,113,64,60,146,147,141,121,109,167,83,138,117,191,145,123,155,180,178,129,224,101,153,98,172,66,112,113,116,113,83,140,92,59,153,201,179,108,167,158,54,150,247,121,78,111,113,154,146,156,202,109,148,87,63,233,114,120,112,86,172,207,185,118,46,152,140,139,89,96,67,126,103
23,118,40,128,117,182,123,64,159,115,-2,149,123,149,48,168,148,145,91,112,105,118,81,26,83,78,40,51,150,76,89,156,107,113,177,155,102,86,127,151,67,177,152,109,158,166,129,221,115,90,170,51,83,189,124,132,116,113,166,95,33,118,124,122,125,66,102,81,124,95,31,129,80,153,120,127,109,103,136,116,134,139,115,173,129,145,203,166,113,116,108,19,60,201,158,89,152,113,198,29
147,149,119,198,69,172,135,35,161,109,18,194,143,181,122,112,91,195,29,42,158,138,208,158,116,127,141,136,152,92,116,144,117,179,146,185,-8,113,118,108,123,142,142,162,174,148,200,165,121,124,160,26,107,199,70,79,168,116,176,107,142,136,154,183,19,84,192,99,172,100,145,98,53,141,130,87,14,99,167,200,108,106,139,189,24,160,134,185,186,123,138,82,133,178,118,157,162,125,184,86
63,91,97,159,104,239,101,60,72,94,81,128,128,140,42,140,78,212,116,108,84,-38,123,54,108,132,99,144,117,75,137,180,136,67,69,47,116,121,109,165,130,171,84,91,213,113,146,209,99,107,107,85,105,166,-42,44,105,132,170,125,95,114,55,167,75,141,55,135,133,112,94,131,110,143,192,127,133,69,120,109,183,73,97,146,125,98,16,150,140,144,106,93,103,136,195,129,111,110,191,105
181,178,103,243,203,169,96,38,148,99,83,166,205,111,41,134,175,167,112,111,125,82,145,220,141,70,126,152,98,104,134,135,218,253,112,178,81,147,103,189,162,195,120,143,236,143,93,243,121,115,97,36,45,145,100,147,131,264,205,122,112,73,163,204,108,135,185,89,99,183,69,127,106,218,186,98,95,56,95,106,194,42,99,75,119,125,177,182,77,95,91,34,86,119,105,150,88,18,198,179
81,78,128,64,119,99,129,18,133,169,4,106,59,96,103,100,77,109,22,62,36,127,128,38,79,92,61,83,105,84,20,158,83,52,137,85,-5,36,109,100,84,57,80,105,93,136,152,111,91,95,103,21,-27,110,34,96,94,91,36,59,62,112,82,170,38,117,104,85,104,94,63,64,18,69,26,57,67,-45,115,125,111,82,44,57,97,97,138,98,112,97,135,56,81,135,95,82,134,101,-5,82
116,142,57,152,113,189,108,151,162,168,76,117,122,81,97,22,55,168,-5,96,95,142,210,97,97,195,134,45,92,177,118,99,127,50,153,33,41,58,164,143,166,99,161,124,122,253,149,159,150,225,45,205,49,115,119,129,119,107,156,76,119,118,156,159,95,71,163,62,93,123,61,86,155,50,83,103,102,95,182,136,110,83,130,161,104,129,58,175,228,148,82,70,100,68,84,79,121,101,51,112
-13,171,105,166,130,157,89,112,103,62,87,84,224,166,48,44,114,187,-23,171,77,60,44,115,106,166,177,39,31,142,162,84,52,100,66,54,109,133,108,114,99,188,84,119,176,93,145,107,119,102,59,55,51,113,48,19,161,135,146,54,36,102,176,137,72,98,129,27,120,142,82,73,28,45,123,129,125,76,117,122,190,91,49,110,65,123,36,179,167,11,95,12,80,119,160,101,155,70,67,37
141,141,101,222,174,64,121,75,119,61,92,147,111,120,92,142,132,135,50,39,120,102,81,163,46,95,55,144,57,75,31,61,160,167,143,57,39,58,42,53,116,130,121,65,178,44,55,81,62,136,124,74,44,16,42,61,115,153,70,123,109,85,108,97,71,64,132,112,98,120,139,80,67,146,100,119,49,35,34,128,75,119,114,22,104,60,150,109,141,125,14,31,97,136,51,78,11,76,144,113
58,84,77,176,42,103,76,54,129,148,45,57,99,22,138,154,84,142,85,57,113,-37,137,85,57,149,110,27,60,111,91,105,171,31,119,90,75,109,164,103,24,192,123,56,163,113,94,141,123,101,106,185,66,156,107,42,143,92,185,79,44,39,65,164,-8,38,95,109,140,155,133,137,21,61,98,104,142,36,166,125,53,131,66,140,173,84,102,116,170,178,94,77,81,135,134,106,38,71,211,125
62,93,63,56,88,127,56,42,145,124,97,-9,75,49,71,133,43,106,-23,49,80,17,58,155,68,44,38,122,95,-47,-81,84,152,30,45,13,108,20,36,75,0,90,15,81,121,52,100,32,71,82,156,156,74,153,15,29,141,106,48,87,94,47,27,164,-5,40,98,200,83,48,70,43,58,45,39,80,70,37,110,89,107,111,133,47,84,60,50,49,65,37,104,5,66,55,56,59,76,15,114,65
75,105,25,120,118,135,174,134,237,187,97,115,94,141,124,117,51,169,53,59,146,144,61,74,76,101,92,148,95,100,78,128,161,136,107,97,66,117,-6,127,57,98,130,108,211,107,130,111,134,183,175,66,40,107,81,130,111,172,85,127,98,130,129,150,21,28,103,115,140,206,49,155,90,128,152,29,221,85,84,148,178,153,87,160,81,121,155,110,144,80,77,27,129,135,155,87,155,114,130,70
121,214,138,212,56,237,213,146,156,127,104,263,106,181,130,168,189,170,64,147,205,131,192,168,174,164,101,180,147,82,188,179,233,261,157,139,120,125,145,106,130,106,88,224,261,175,189,266,225,123,164,105,68,175,97,164,149,226,190,115,115,179,171,195,160,123,171,106,123,196,178,42,86,294,171,115,92,164,112,161,178,114,192,168,129,184,112,226,211,190,158,97,170,137,160,225,122,50,210,68
93,107,109,146,80,135,46,111,161,129,40,107,157,116,69,126,122,154,21,73,112,93,94,188,106,117,146,90,91,36,124,91,71,75,113,160,71,26,98,80,88,137,107,112,144,111,117,115,121,102,139,0,54,120,97,122,104,171,36,86,122,115,69,111,50,74,105,103,99,90,128,77,-3,81,107,77,80,86,111,127,170,80,91,169,64,73,70,53,105,116,130,-11,115,114,65,166,123,99,151,123
54,99,101,192,173,103,122,122,58,-15,122,131,105,154,58,82,153,155,0,62,66,93,28,185,118,80,97,156,48,81,80,97,111,160,85,5,120,68,118,32,39,110,111,102,157,14,63,115,131,57,70,72,41,76,44,56,125,152,109,161,47,107,121,139,44,102,108,119,102,75,40,103,37,140,99,145,110,102,61,115,116,146,84,31,119,120,51,123,162,86,90,33,93,88,117,104,77,27,96,44
95,149,60,164,50,124,176,97,151,143,36,74,116,67,20,117,152,115,-67,90,62,123,114,85,5,71,38,79,38,83,64,71,149,71,160,123,122,66,166,182,103,153,128,147,156,48,109,110,126,82,121,17,46,72,41,136,70,111,67,53,95,129,134,170,67,147,125,60,141,142,48,8,83,110,85,66,147,73,47,132,93,116,52,133,39,82,126,75,79,86,158,76,94,151,88,68,69,94,218,6
24,65,55,183,24,91,66,116,76,31,51,108,91,48,66,40,15,65,49,40,116,112,-12,41,73,84,27,50,-21,5,12,87,101,63,112,30,-8,52,-7,103,31,66,95,26,163,44,20,80,33,32,133,47,51,152,17,95,88,20,105,84,117,-34,90,69,86,59,122,45,95,55,110,103,41,109,103,72,73,64,101,116,38,88,58,31,26,79,149,102,59,94,56,48,66,149,100,14,33,45,83,31
119,161,88,199,34,116,99,125,173,107,36,73,58,68,136,135,127,180,63,52,153,134,143,125,114,71,109,157,79,73,132,52,79,168,169,122,54,-34,136,71,140,114,160,85,116,125,121,114,80,139,133,83,9,78,103,160,80,108,75,154,45,164,90,111,126,50,126,114,91,102,37,25,71,175,90,142,90,122,55,120,50,159,47,162,81,145,137,93,141,203,18,66,135,172,87,66,86,56,147,98
5,89,14,146,109,42,85,37,51,65,16,97,90,113,-28,51,69,113,-7,58,68,57,35,87,53,69,26,77,87,85,70,119,73,96,73,108,77,73,78,189,95,88,57,27,95,94,74,91,49,72,48,-22,-12,34,-3,15,65,55,75,2,39,10,123,44,103,100,69,-5,17,103,-9,21,129,63,62,101,71,-7,42,118,120,34,25,77,-10,70,64,153,69,37,42,-26,37,98,125,13,100,5,35,53
101,137,37,69,101,84,64,116,66,54,137,116,193,123,97,-6,10,90,3,80,75,55,131,96,18,116,84,152,140,100,88,128,73,160,88,73,121,30,81,102,54,69,59,88,131,177,143,98,122,64,80,5,83,81,98,163,117,133,100,79,63,64,122,140,8,107,102,107,-19,77,59,34,44,-6,115,78,-25,-7,82,117,128,148,88,140,124,128,33,181,125,47,80,75,43,120,89,147,101,40,92,56
51,18,40,32,19,31,48,5,104,61,115,64,69,94,54,86,39,56,4,67,86,58,103,105,30,5,8,61,55,63,76,122,67,45,83,-6,57,59,60,64,-32,127,117,85,25,26,81,26,85,90,81,-7,94,9,35,80,53,41,48,46,86,35,41,110,13,81,78,57,24,16,74,84,58,14,72,105,67,9,82,138,24,136,10,136,119,121,95,73,74,134,38,26,118,86,50,142,80,94,54,72
30,101,23,220,97,174,176,49,70,91,40,76,49,176,48,115,149,160,153,77,182,26,75,122,49,101,32,46,102,58,126,157,119,133,172,97,8,56,102,27,107,134,84,67,213,157,123,216,28,108,180,91,22,61,112,165,78,146,79,100,132,65,96,134,140,65,127,118,91,168,69,87,26,98,132,87,148,76,119,143,125,113,83,114,153,101,204,152,103,173,60,35,142,133,159,120,82,147,155,89
127,152,73,233,69,198,150,139,130,203,36,78,10,119,103,94,67,118,75,79,92,94,103,105,73,61,112,94,10,94,21,107,170,131,130,102,19,70,83,80,133,76,113,123,183,57,87,141,172,102,112,124,10,155,52,15,86,134,127,60,92,96,119,129,92,49,77,51,131,243,89,49,111,138,69,18,121,64,173,159,30,43,161,107,81,95,47,170,144,172,47,155,131,132,114,68,71,82,81,51
-36,39,27,57,9,159,142,94,111,90,97,76,154,73,63,116,73,69,42,82,154,-29,76,37,124,152,-32,139,140,33,111,77,123,93,130,57,134,59,109,140,37,79,89,82,227,113,91,140,106,108,123,138,72,167,53,104,138,121,143,51,121,-9,88,166,105,18,78,115,159,65,52,99,32,224,180,43,26,112,139,16,105,123,19,108,84,68,35,129,98,2,83,33,122,146,125,98,132,95,101,-36
118,104,124,133,93,178,137,53,133,196,85,101,92,144,111,142,133,187,11,141,193,84,87,137,105,129,72,176,139,90,77,204,131,90,114,62,44,79,78,105,96,168,28,106,156,153,127,120,162,144,161,70,100,107,51,24,120,145,158,135,108,118,119,181,52,126,89,106,205,181,139,131,58,142,122,114,30,40,179,175,99,89,88,85,79,107,40,134,154,148,90,25,166,48,148,185,184,144,125,32
157,227,125,239,178,192,131,107,160,110,136,127,124,143,129,82,130,57,56,105,162,193,110,107,206,119,89,167,62,76,68,175,165,143,109,102,84,54,121,69,83,169,149,106,164,147,213,208,114,120,170,57,82,137,77,106,147,131,109,142,93,164,130,165,109,57,100,141,103,158,116,110,127,94,164,159,128,38,133,236,202,93,171,115,165,153,71,176,161,213,96,64,137,159,125,78,129,77,62,80
145,131,56,112,111,143,22,26,99,-3,78,111,97,83,24,113,139,114,29,51,79,107,-6,50,47,163,5,82,92,76,38,115,96,131,162,16,4,32,80,70,51,117,116,29,168,67,124,166,-26,36,142,111,54,26,38,66,123,68,173,125,54,37,55,54,108,25,25,80,68,116,90,30,110,46,156,88,68,109,135,116,41,-9,58,49,59,38,125,125,78,59,104,-12,89,111,45,61,63,95,77,43
41,102,0,184,180,113,97,90,105,71,58,72,109,92,81,92,82,105,-32,22,11,80,57,49,126,69,11,66,38,-1,58,28,144,94,33,21,134,-15,76,20,107,118,121,43,205,118,95,90,9,98,113,67,37,60,120,45,143,77,62,98,64,107,109,103,36,78,89,74,42,56,84,76,98,122,49,80,11,34,68,70,80,144,136,66,153,96,82,80,94,108,94,114,65,129,58,56,77,-4,130,15
125,127,59,110,79,101,80,91,144,80,17,52,186,124,128,130,133,45,115,61,73,24,116,137,136,91,9,-9,79,79,157,106,81,154,160,78,-23,50,110,73,73,127,148,125,116,94,89,148,79,72,153,80,49,80,66,193,103,142,41,103,122,3,90,177,70,25,68,69,78,66,35,108,96,87,91,24,49,20,58,36,122,94,-21,114,81,113,134,141,120,86,62,42,120,68,65,110,121,140,124,98
108,144,-5,155,84,99,99,95,129,150,34,152,163,130,91,129,127,82,-39,46,125,149,61,43,109,91,44,143,-2,126,21,13,157,106,104,35,63,25,61,117,72,38,127,21,148,48,64,93,116,161,30,140,70,-18,56,107,120,135,53,84,117,83,111,64,9,76,123,106,107,155,35,99,76,122,37,110,109,123,71,102,8,120,74,134,37,114,88,118,142,155,79,55,122,100,24,95,71,123,141,98
160,187,39,176,152,142,173,117,88,147,72,135,82,91,59,127,129,136,62,63,98,153,98,86,118,61,47,166,6,74,102,152,214,125,153,55,92,121,145,150,184,208,127,9,170,121,97,178,214,137,46,99,84,53,105,96,182,149,168,153,152,63,113,115,90,53,158,78,70,77,55,110,70,187,77,114,53,84,149,135,83,82,80,143,119,83,110,150,149,142,82,133,101,165,108,102,65,97,89,84
120,73,99,177,70,126,144,52,54,143,24,137,93,66,28,142,118,178,73,84,107,168,62,80,99,146,88,134,105,56,107,114,157,89,98,68,-4,-7,68,74,71,138,86,42,159,149,93,160,68,94,151,88,64,61,87,105,98,98,90,25,90,131,94,84,48,86,92,99,180,110,87,111,66,59,78,110,130,110,98,120,121,77,58,84,110,44,144,58,101,111,93,41,111,52,126,48,97,178,102,112
224,149,42,177,157,106,94,63,160,130,-6,19,118,117,130,161,212,156,51,18,48,90,76,136,105,118,108,63,5,81,75,105,184,99,55,133,33,61,158,100,170,188,139,100,153,62,138,137,70,134,85,151,56,22,95,84,125,168,80,41,69,153,117,120,65,108,131,23,120,165,94,34,92,107,61,8,128,83,115,57,110,-1,72,105,107,62,95,117,130,145,197,83,114,110,40,35,31,60,158,96
86,92,115,148,163,120,136,88,145,89,156,116,75,74,98,109,115,143,67,110,116,47,115,165,103,148,72,138,87,172,118,215,129,100,142,67,33,78,134,113,47,154,163,42,198,151,102,165,131,145,184,99,78,87,21,108,37,174,92,128,19,169,111,162,100,100,122,81,116,153,88,138,119,143,123,154,70,33,137,145,98,143,62,94,86,137,190,158,121,140,113,78,150,86,140,139,43,111,169,75
98,119,124,178,64,132,62,100,108,96,88,83,112,123,81,102,163,75,-30,32,54,159,94,78,129,128,84,80,70,64,155,130,205,133,97,163,24,56,131,79,101,171,97,105,195,166,158,137,108,75,75,130,28,65,150,66,128,83,156,72,111,187,110,155,119,93,149,129,83,158,141,92,71,87,129,117,69,58,114,194,78,29,91,117,96,147,108,178,183,149,123,86,119,156,93,96,115,59,114,109
109,210,62,119,118,188,18,81,186,86,77,95,99,62,48,118,144,166,49,110,94,147,99,64,118,164,99,69,154,73,42,158,57,103,122,140,4,61,171,116,112,179,157,137,142,159,161,149,106,147,120,111,15,144,112,156,126,119,96,67,28,175,99,169,142,28,157,64,191,151,84,141,81,131,141,58,121,153,179,116,115,107,42,205,58,156,134,199,168,114,61,34,138,153,165,40,133,103,156,65
129,203,104,158,102,101,206,76,123,62,126,182,145,124,66,132,135,107,21,124,118,213,183,85,142,71,60,88,131,17,77,145,129,185,98,70,114,24,58,70,59,134,86,135,225,76,26,135,104,88,117,72,162,54,114,126,141,134,80,102,78,173,102,182,53,68,181,112,174,138,61,189,27,161,86,143,60,112,119,115,36,98,149,55,127,147,141,134,172,117,131,79,78,95,104,102,124,131,180,89
104,100,9,164,69,119,81,80,137,122,75,71,108,119,48,93,110,94,45,46,78,103,80,42,59,129,42,41,1,77,127,74,66,157,147,140,47,72,55,119,100,163,66,57,200,120,92,143,72,56,145,33,78,95,89,122,75,75,136,98,70,86,101,107,86,62,119,70,98,180,100,113,122,141,41,129,61,54,89,112,89,48,114,158,30,96,122,99,-18,74,101,72,123,171,91,111,132,123,114,69
99,124,74,168,171,151,76,43,123,133,70,198,67,140,5,116,144,138,142,118,101,29,106,102,69,129,104,99,45,130,52,153,181,75,121,88,77,92,129,108,85,124,169,61,154,86,88,203,69,37,212,134,41,99,52,139,111,180,90,36,121,149,83,157,113,37,18,56,98,132,135,136,151,135,166,145,102,56,203,196,111,102,120,149,139,123,153,162,99,125,157,147,52,183,137,26,28,124,168,47
153,131,89,128,108,118,119,29,168,75,27,146,89,183,105,135,128,198,-45,63,51,139,102,145,126,124,116,95,85,108,175,165,68,147,101,98,50,46,66,90,148,142,127,83,164,77,138,144,105,175,85,78,119,79,34,55,111,111,113,118,54,126,152,174,61,41,108,34,157,152,36,99,153,115,41,101,125,106,73,94,117,39,68,66,15,108,78,149,130,51,38,-7,123,108,51,122,80,102,124,25
30,47,57,117,29,171,94,95,25,46,94,55,128,-10,-25,72,25,83,21,108,29,-31,78,71,30,83,57,20,46,22,63,69,49,38,104,3,-21,56,136,24,2,115,114,10,111,74,55,101,-24,-9,89,103,39,51,20,39,10,11,77,67,39,89,-37,85,22,3,19,122,83,79,10,27,66,-11,114,41,115,85,95,23,82,57,51,97,39,43,65,31,123,61,92,14,31,18,13,75,67,107,113,25
167,176,124,123,84,104,169,142,170,163,99,148,86,152,137,148,140,141,7,67,68,140,90,178,50,201,85,125,39,118,72,76,165,154,171,157,150,75,86,136,159,77,169,21,175,116,128,148,90,141,70,138,144,44,98,126,81,119,103,94,75,81,139,168,85,58,188,102,144,146,106,80,125,146,108,115,87,71,73,109,65,80,116,92,27,77,27,165,56,114,89,72,131,117,51,99,16,-4,150,96
153,103,94,142,87,203,148,80,181,58,135,111,115,97,101,122,39,42,60,57,66,133,133,94,94,29,57,99,155,-3,146,115,185,205,99,153,91,71,57,111,81,120,97,149,295,157,108,194,101,94,214,80,76,114,130,132,202,129,180,37,121,79,27,139,74,101,83,204,95,203,94,129,127,136,100,105,125,29,99,157,159,46,111,134,211,159,131,133,125,150,100,57,98,191,67,124,158,74,169,162
126,131,87,106,95,149,171,11,83,55,87,161,110,103,83,101,18,158,50,109,164,104,169,77,108,25,40,123,138,73,88,82,147,136,129,-4,9,127,117,39,86,77,16,107,146,95,101,180,92,130,171,62,96,105,37,71,162,166,217,102,163,62,24,112,-23,49,92,158,37,74,41,74,47,57,50,108,55,-23,128,106,139,94,80,88,132,104,53,125,179,64,14,84,53,103,63,108,132,94,130,77
127,78,91,160,76,142,90,68,110,85,44,143,58,124,118,83,127,163,70,10,122,27,113,150,92,45,101,110,86,81,157,170,79,139,103,86,34,57,80,64,96,37,171,45,115,69,80,153,115,66,80,72,57,143,66,76,161,150,93,95,104,57,103,164,38,95,82,36,78,109,128,81,102,118,71,84,94,27,68,74,90,112,68,111,88,86,72,115,143,167,84,75,130,120,50,120,141,31,149,96
41,157,67,183,100,170,98,135,106,137,37,48,77,91,80,112,116,119,-9,78,113,107,55,99,171,101,160,77,20,105,70,120,137,18,101,101,46,36,106,81,138,171,167,44,145,53,143,100,115,164,75,184,3,86,62,-1,159,92,93,51,24,138,112,81,69,73,91,88,87,37,37,107,128,59,77,124,90,142,147,151,53,54,65,51,61,47,91,160,185,154,60,106,111,135,146,3,26,94,67,52
80,2,79,130,128,204,112,38,74,75,59,112,73,130,69,141,62,104,95,80,147,75,61,113,94,108,39,68,160,83,94,225,142,62,155,115,76,129,44,132,83,225,89,107,125,146,112,181,105,111,140,97,123,177,90,10,159,161,174,123,59,68,76,154,28,139,85,52,121,128,90,138,127,150,116,108,66,-30,182,135,132,84,118,38,140,139,147,182,148,169,107,1,128,151,146,109,60,107,170,146
122,72,95,87,96,95,11,100,77,88,95,143,82,38,40,58,50,33,7,42,31,78,117,74,63,95,38,135,139,55,91,107,29,50,126,76,130,36,83,146,44,142,130,72,73,86,93,76,136,43,110,102,65,123,53,47,200,70,96,110,49,90,63,140,34,63,23,68,89,62,84,111,90,48,99,122,61,8,78,57,96,48,106,111,97,68,24,101,121,128,67,37,104,109,103,76,123,113,51,73
147,142,145,218,64,160,74,78,115,53,23,131,119,117,52,67,137,157,-1,58,35,152,166,-1,80,168,35,137,124,105,124,47,96,135,168,106,46,44,60,67,112,130,176,73,142,202,83,197,80,56,130,105,97,61,109,63,89,55,130,84,68,96,146,148,46,124,86,55,134,125,122,97,120,46,162,141,89,99,73,118,105,31,92,90,13,47,70,151,205,109,80,128,59,110,107,86,98,149,86,118
-18,88,4,75,1,52,51,71,88,116,27,-9,73,89,94,102,29,107,-38,11,8,45,47,67,38,58,103,28,-29,17,72,21,79,2,11,66,100,72,68,64,37,90,87,37,117,69,67,53,79,122,64,57,40,65,69,104,61,-8,31,46,46,23,110,97,84,74,85,-4,55,52,80,53,55,2,9,122,91,111,49,120,-39,102,55,94,54,81,13,64,8,136,88,71,33,68,62,34,85,-22,67,31
74,211,84,78,89,37,98,85,96,127,98,71,131,106,84,48,75,66,-24,141,151,89,118,140,108,12,96,54,41,116,116,139,122,27,94,101,57,112,132,63,70,123,97,128,113,92,121,152,163,111,94,43,61,144,62,112,163,124,136,73,113,73,102,135,26,92,140,74,69,117,50,70,25,32,71,123,92,56,87,105,193,70,60,72,96,86,113,117,158,141,31,-14,80,30,34,141,177,23,95,77
115,119,116,144,34,93,81,81,179,70,-38,132,127,54,92,132,81,99,48,56,72,124,39,48,125,84,78,106,46,23,117,92,112,78,156,67,10,10,26,74,79,104,88,69,191,158,149,114,-14,131,166,-7,-7,71,38,79,66,112,16,115,11,91,92,86,151,16,79,79,110,64,35,47,105,60,126,107,56,52,54,87,80,95,37,75,32,62,111,104,40,70,100,108,78,95,152,30,9,130,75,72
146,170,123,145,179,174,94,142,172,177,152,31,159,157,135,203,170,188,38,153,130,150,202,274,153,146,177,54,126,75,103,220,92,103,160,196,145,98,124,153,164,302,169,229,147,149,127,74,164,237,145,201,76,155,108,156,253,134,76,160,121,170,177,258,63,97,186,165,206,115,133,133,68,91,133,152,158,140,194,191,163,153,138,217,57,171,150,186,182,183,141,67,146,163,146,166,162,179,188,161
128,140,79,39,75,140,72,108,164,171,81,103,79,61,147,133,74,142,50,71,117,118,130,145,159,53,52,98,90,56,87,156,122,61,85,116,97,56,102,116,111,115,120,105,149,99,97,154,133,188,133,124,96,44,104,77,131,132,91,-19,113,74,48,223,27,38,160,80,171,196,109,38,111,124,42,82,166,56,146,121,79,61,69,115,132,88,128,83,163,165,96,43,88,129,110,35,102,68,207,156
152,145,148,144,119,194,69,43,76,10,143,109,111,109,112,104,65,101,38,92,8,83,171,170,67,135,98,117,31,40,113,53,73,72,0,62,45,163,137,85,82,165,63,98,86,54,92,171,73,59,138,71,174,26,-1,36,119,82,145,90,66,70,40,160,51,76,45,46,137,102,113,78,40,116,101,78,79,33,157,74,155,61,3,69,120,88,66,150,95,68,115,82,39,88,78,76,35,26,83,91
68,244,131,217,100,212,225,156,178,175,78,97,152,168,143,165,184,252,-37,59,206,124,156,214,132,169,121,141,66,126,97,89,164,153,129,192,100,127,177,85,179,140,185,131,180,123,83,240,222,216,142,123,76,148,146,131,98,173,164,112,175,135,169,141,66,86,221,102,152,116,86,79,89,205,98,101,135,138,136,101,137,194,104,174,140,98,150,163,272,180,128,54,89,153,125,97,155,61,194,98
115,177,90,139,52,102,42,78,142,122,26,109,190,61,76,121,133,119,74,41,87,116,88,87,91,107,91,120,44,77,35,92,68,126,121,84,27,33,136,109,92,148,173,83,129,97,119,128,98,38,105,8,71,58,71,98,81,103,122,99,66,144,110,56,127,92,70,114,66,91,48,65,86,65,96,99,66,87,74,59,37,67,1,119,119,42,74,83,112,165,70,77,103,93,144,58,114,129,53,111
